"rep","grid_id","grid_label","rho_step","theta_step","pred_rho","pred_theta","dr","dtheta"
1,"coarse","Крупный шаг",5,1,-32,3,995.578329888003,0.10371939430479
1,"medium","Средний шаг",1,0.01,0,2.67,0.2,6.31237335209922e-05
1,"fine","Мелкий шаг",0.5,0.005,0,2.675,0.2,8.67328763111984e-06
1,"very_fine","Очень мелкий шаг",0.25,0.0025,-0.5,2.6775,0.00278640450004206,1.98064686186389e-07
2,"coarse","Крупный шаг",5,1,-32,3,995.578329888003,0.10371939430479
2,"medium","Средний шаг",1,0.01,0,2.67,0.2,6.31237335209922e-05
2,"fine","Мелкий шаг",0.5,0.005,0,2.675,0.2,8.67328763111984e-06
2,"very_fine","Очень мелкий шаг",0.25,0.0025,-0.5,2.6775,0.00278640450004206,1.98064686186389e-07
3,"coarse","Крупный шаг",5,1,-32,3,995.578329888003,0.10371939430479
3,"medium","Средний шаг",1,0.01,0,2.67,0.2,6.31237335209922e-05
3,"fine","Мелкий шаг",0.5,0.005,0,2.675,0.2,8.67328763111984e-06
3,"very_fine","Очень мелкий шаг",0.25,0.0025,-0.5,2.6775,0.00278640450004206,1.98064686186389e-07
4,"coarse","Крупный шаг",5,1,-32,3,995.578329888003,0.10371939430479
4,"medium","Средний шаг",1,0.01,0,2.67,0.2,6.31237335209922e-05
4,"fine","Мелкий шаг",0.5,0.005,0,2.675,0.2,8.67328763111984e-06
4,"very_fine","Очень мелкий шаг",0.25,0.0025,-0.5,2.6775,0.00278640450004206,1.98064686186389e-07
5,"coarse","Крупный шаг",5,1,-27,3,705.050465843002,0.10371939430479
5,"medium","Средний шаг",1,0.01,0,2.67,0.2,6.31237335209922e-05
5,"fine","Мелкий шаг",0.5,0.005,0,2.675,0.2,8.67328763111984e-06
5,"very_fine","Очень мелкий шаг",0.25,0.0025,-0.5,2.6775,0.00278640450004206,1.98064686186389e-07
6,"coarse","Крупный шаг",5,1,-32,3,995.578329888003,0.10371939430479
6,"medium","Средний шаг",1,0.01,0,2.67,0.2,6.31237335209922e-05
6,"fine","Мелкий шаг",0.5,0.005,0,2.675,0.2,8.67328763111984e-06
6,"very_fine","Очень мелкий шаг",0.25,0.0025,-0.5,2.6775,0.00278640450004206,1.98064686186389e-07
7,"coarse","Крупный шаг",5,1,-22,3,464.522601798002,0.10371939430479
7,"medium","Средний шаг",1,0.01,0,2.67,0.2,6.31237335209922e-05
7,"fine","Мелкий шаг",0.5,0.005,0,2.675,0.2,8.67328763111984e-06
7,"very_fine","Очень мелкий шаг",0.25,0.0025,-0.5,2.6775,0.00278640450004206,1.98064686186389e-07
8,"coarse","Крупный шаг",5,1,-32,3,995.578329888003,0.10371939430479
8,"medium","Средний шаг",1,0.01,0,2.67,0.2,6.31237335209922e-05
8,"fine","Мелкий шаг",0.5,0.005,0,2.675,0.2,8.67328763111984e-06
8,"very_fine","Очень мелкий шаг",0.25,0.0025,-0.5,2.6775,0.00278640450004206,1.98064686186389e-07
9,"coarse","Крупный шаг",5,1,-32,3,995.578329888003,0.10371939430479
9,"medium","Средний шаг",1,0.01,0,2.67,0.2,6.31237335209922e-05
9,"fine","Мелкий шаг",0.5,0.005,0,2.675,0.2,8.67328763111984e-06
9,"very_fine","Очень мелкий шаг",0.25,0.0025,-0.5,2.6775,0.00278640450004206,1.98064686186389e-07
10,"coarse","Крупный шаг",5,1,-32,3,995.578329888003,0.10371939430479
10,"medium","Средний шаг",1,0.01,0,2.67,0.2,6.31237335209922e-05
10,"fine","Мелкий шаг",0.5,0.005,0,2.675,0.2,8.67328763111984e-06
10,"very_fine","Очень мелкий шаг",0.25,0.0025,-0.5,2.6775,0.00278640450004206,1.98064686186389e-07
11,"coarse","Крупный шаг",5,1,-7,3,42.9390096630006,0.10371939430479
11,"medium","Средний шаг",1,0.01,0,2.67,0.2,6.31237335209922e-05
11,"fine","Мелкий шаг",0.5,0.005,0,2.675,0.2,8.67328763111984e-06
11,"very_fine","Очень мелкий шаг",0.25,0.0025,-0.5,2.6775,0.00278640450004206,1.98064686186389e-07
12,"coarse","Крупный шаг",5,1,-17,3,273.994737753001,0.10371939430479
12,"medium","Средний шаг",1,0.01,0,2.67,0.2,6.31237335209922e-05
12,"fine","Мелкий шаг",0.5,0.005,0,2.675,0.2,8.67328763111984e-06
12,"very_fine","Очень мелкий шаг",0.25,0.0025,-0.5,2.6775,0.00278640450004206,1.98064686186389e-07
13,"coarse","Крупный шаг",5,1,-32,3,995.578329888003,0.10371939430479
13,"medium","Средний шаг",1,0.01,0,2.67,0.2,6.31237335209922e-05
13,"fine","Мелкий шаг",0.5,0.005,0,2.675,0.2,8.67328763111984e-06
13,"very_fine","Очень мелкий шаг",0.25,0.0025,-0.5,2.6775,0.00278640450004206,1.98064686186389e-07
14,"coarse","Крупный шаг",5,1,-32,3,995.578329888003,0.10371939430479
14,"medium","Средний шаг",1,0.01,0,2.67,0.2,6.31237335209922e-05
14,"fine","Мелкий шаг",0.5,0.005,0,2.675,0.2,8.67328763111984e-06
14,"very_fine","Очень мелкий шаг",0.25,0.0025,-0.5,2.6775,0.00278640450004206,1.98064686186389e-07
15,"coarse","Крупный шаг",5,1,-32,3,995.578329888003,0.10371939430479
15,"medium","Средний шаг",1,0.01,0,2.67,0.2,6.31237335209922e-05
15,"fine","Мелкий шаг",0.5,0.005,0,2.675,0.2,8.67328763111984e-06
15,"very_fine","Очень мелкий шаг",0.25,0.0025,-0.5,2.6775,0.00278640450004206,1.98064686186389e-07
16,"coarse","Крупный шаг",5,1,-32,3,995.578329888003,0.10371939430479
16,"medium","Средний шаг",1,0.01,0,2.67,0.2,6.31237335209922e-05
16,"fine","Мелкий шаг",0.5,0.005,0,2.675,0.2,8.67328763111984e-06
16,"very_fine","Очень мелкий шаг",0.25,0.0025,-0.5,2.6775,0.00278640450004206,1.98064686186389e-07
17,"coarse","Крупный шаг",5,1,-32,3,995.578329888003,0.10371939430479
17,"medium","Средний шаг",1,0.01,0,2.67,0.2,6.31237335209922e-05
17,"fine","Мелкий шаг",0.5,0.005,0,2.675,0.2,8.67328763111984e-06
17,"very_fine","Очень мелкий шаг",0.25,0.0025,-0.5,2.6775,0.00278640450004206,1.98064686186389e-07
18,"coarse","Крупный шаг",5,1,-32,3,995.578329888003,0.10371939430479
18,"medium","Средний шаг",1,0.01,0,2.67,0.2,6.31237335209922e-05
18,"fine","Мелкий шаг",0.5,0.005,0,2.675,0.2,8.67328763111984e-06
18,"very_fine","Очень мелкий шаг",0.25,0.0025,-0.5,2.6775,0.00278640450004206,1.98064686186389e-07
19,"coarse","Крупный шаг",5,1,-32,3,995.578329888003,0.10371939430479
19,"medium","Средний шаг",1,0.01,0,2.67,0.2,6.31237335209922e-05
19,"fine","Мелкий шаг",0.5,0.005,0,2.675,0.2,8.67328763111984e-06
19,"very_fine","Очень мелкий шаг",0.25,0.0025,-0.5,2.6775,0.00278640450004206,1.98064686186389e-07
20,"coarse","Крупный шаг",5,1,-32,3,995.578329888003,0.10371939430479
20,"medium","Средний шаг",1,0.01,0,2.67,0.2,6.31237335209922e-05
20,"fine","Мелкий шаг",0.5,0.005,0,2.675,0.2,8.67328763111984e-06
20,"very_fine","Очень мелкий шаг",0.25,0.0025,-0.5,2.6775,0.00278640450004206,1.98064686186389e-07
21,"coarse","Крупный шаг",5,1,-7,3,42.9390096630006,0.10371939430479
21,"medium","Средний шаг",1,0.01,0,2.67,0.2,6.31237335209922e-05
21,"fine","Мелкий шаг",0.5,0.005,0,2.675,0.2,8.67328763111984e-06
21,"very_fine","Очень мелкий шаг",0.25,0.0025,-0.5,2.6775,0.00278640450004206,1.98064686186389e-07
22,"coarse","Крупный шаг",5,1,-32,3,995.578329888003,0.10371939430479
22,"medium","Средний шаг",1,0.01,0,2.67,0.2,6.31237335209922e-05
22,"fine","Мелкий шаг",0.5,0.005,0,2.675,0.2,8.67328763111984e-06
22,"very_fine","Очень мелкий шаг",0.25,0.0025,-0.5,2.6775,0.00278640450004206,1.98064686186389e-07
23,"coarse","Крупный шаг",5,1,-12,3,133.466873708001,0.10371939430479
23,"medium","Средний шаг",1,0.01,0,2.67,0.2,6.31237335209922e-05
23,"fine","Мелкий шаг",0.5,0.005,0,2.675,0.2,8.67328763111984e-06
23,"very_fine","Очень мелкий шаг",0.25,0.0025,-0.5,2.6775,0.00278640450004206,1.98064686186389e-07
24,"coarse","Крупный шаг",5,1,-32,3,995.578329888003,0.10371939430479
24,"medium","Средний шаг",1,0.01,0,2.67,0.2,6.31237335209922e-05
24,"fine","Мелкий шаг",0.5,0.005,0,2.675,0.2,8.67328763111984e-06
24,"very_fine","Очень мелкий шаг",0.25,0.0025,-0.5,2.6775,0.00278640450004206,1.98064686186389e-07
25,"coarse","Крупный шаг",5,1,-32,3,995.578329888003,0.10371939430479
25,"medium","Средний шаг",1,0.01,0,2.67,0.2,6.31237335209922e-05
25,"fine","Мелкий шаг",0.5,0.005,0,2.675,0.2,8.67328763111984e-06
25,"very_fine","Очень мелкий шаг",0.25,0.0025,-0.5,2.6775,0.00278640450004206,1.98064686186389e-07
26,"coarse","Крупный шаг",5,1,-32,3,995.578329888003,0.10371939430479
26,"medium","Средний шаг",1,0.01,0,2.67,0.2,6.31237335209922e-05
26,"fine","Мелкий шаг",0.5,0.005,0,2.675,0.2,8.67328763111984e-06
26,"very_fine","Очень мелкий шаг",0.25,0.0025,-0.5,2.6775,0.00278640450004206,1.98064686186389e-07
27,"coarse","Крупный шаг",5,1,-32,3,995.578329888003,0.10371939430479
27,"medium","Средний шаг",1,0.01,0,2.67,0.2,6.31237335209922e-05
27,"fine","Мелкий шаг",0.5,0.005,0,2.675,0.2,8.67328763111984e-06
27,"very_fine","Очень мелкий шаг",0.25,0.0025,-0.5,2.6775,0.00278640450004206,1.98064686186389e-07
28,"coarse","Крупный шаг",5,1,-32,3,995.578329888003,0.10371939430479
28,"medium","Средний шаг",1,0.01,0,2.67,0.2,6.31237335209922e-05
28,"fine","Мелкий шаг",0.5,0.005,0,2.675,0.2,8.67328763111984e-06
28,"very_fine","Очень мелкий шаг",0.25,0.0025,-0.5,2.6775,0.00278640450004206,1.98064686186389e-07
29,"coarse","Крупный шаг",5,1,-32,3,995.578329888003,0.10371939430479
29,"medium","Средний шаг",1,0.01,0,2.67,0.2,6.31237335209922e-05
29,"fine","Мелкий шаг",0.5,0.005,0,2.675,0.2,8.67328763111984e-06
29,"very_fine","Очень мелкий шаг",0.25,0.0025,-0.5,2.6775,0.00278640450004206,1.98064686186389e-07
30,"coarse","Крупный шаг",5,1,-7,3,42.9390096630006,0.10371939430479
30,"medium","Средний шаг",1,0.01,0,2.67,0.2,6.31237335209922e-05
30,"fine","Мелкий шаг",0.5,0.005,0,2.675,0.2,8.67328763111984e-06
30,"very_fine","Очень мелкий шаг",0.25,0.0025,-0.5,2.6775,0.00278640450004206,1.98064686186389e-07
31,"coarse","Крупный шаг",5,1,-32,3,995.578329888003,0.10371939430479
31,"medium","Средний шаг",1,0.01,0,2.67,0.2,6.31237335209922e-05
31,"fine","Мелкий шаг",0.5,0.005,0,2.675,0.2,8.67328763111984e-06
31,"very_fine","Очень мелкий шаг",0.25,0.0025,-0.5,2.6775,0.00278640450004206,1.98064686186389e-07
32,"coarse","Крупный шаг",5,1,-32,3,995.578329888003,0.10371939430479
32,"medium","Средний шаг",1,0.01,0,2.67,0.2,6.31237335209922e-05
32,"fine","Мелкий шаг",0.5,0.005,0,2.675,0.2,8.67328763111984e-06
32,"very_fine","Очень мелкий шаг",0.25,0.0025,-0.5,2.6775,0.00278640450004206,1.98064686186389e-07
33,"coarse","Крупный шаг",5,1,-32,3,995.578329888003,0.10371939430479
33,"medium","Средний шаг",1,0.01,0,2.67,0.2,6.31237335209922e-05
33,"fine","Мелкий шаг",0.5,0.005,0,2.675,0.2,8.67328763111984e-06
33,"very_fine","Очень мелкий шаг",0.25,0.0025,-0.5,2.6775,0.00278640450004206,1.98064686186389e-07
34,"coarse","Крупный шаг",5,1,-32,3,995.578329888003,0.10371939430479
34,"medium","Средний шаг",1,0.01,0,2.67,0.2,6.31237335209922e-05
34,"fine","Мелкий шаг",0.5,0.005,0,2.675,0.2,8.67328763111984e-06
34,"very_fine","Очень мелкий шаг",0.25,0.0025,-0.5,2.6775,0.00278640450004206,1.98064686186389e-07
35,"coarse","Крупный шаг",5,1,-32,3,995.578329888003,0.10371939430479
35,"medium","Средний шаг",1,0.01,0,2.67,0.2,6.31237335209922e-05
35,"fine","Мелкий шаг",0.5,0.005,0,2.675,0.2,8.67328763111984e-06
35,"very_fine","Очень мелкий шаг",0.25,0.0025,-0.5,2.6775,0.00278640450004206,1.98064686186389e-07
36,"coarse","Крупный шаг",5,1,-32,3,995.578329888003,0.10371939430479
36,"medium","Средний шаг",1,0.01,0,2.67,0.2,6.31237335209922e-05
36,"fine","Мелкий шаг",0.5,0.005,0,2.675,0.2,8.67328763111984e-06
36,"very_fine","Очень мелкий шаг",0.25,0.0025,-0.5,2.6775,0.00278640450004206,1.98064686186389e-07
37,"coarse","Крупный шаг",5,1,-32,3,995.578329888003,0.10371939430479
37,"medium","Средний шаг",1,0.01,0,2.67,0.2,6.31237335209922e-05
37,"fine","Мелкий шаг",0.5,0.005,0,2.675,0.2,8.67328763111984e-06
37,"very_fine","Очень мелкий шаг",0.25,0.0025,-0.5,2.6775,0.00278640450004206,1.98064686186389e-07
38,"coarse","Крупный шаг",5,1,-32,3,995.578329888003,0.10371939430479
38,"medium","Средний шаг",1,0.01,0,2.67,0.2,6.31237335209922e-05
38,"fine","Мелкий шаг",0.5,0.005,0,2.675,0.2,8.67328763111984e-06
38,"very_fine","Очень мелкий шаг",0.25,0.0025,-0.5,2.6775,0.00278640450004206,1.98064686186389e-07
39,"coarse","Крупный шаг",5,1,-32,3,995.578329888003,0.10371939430479
39,"medium","Средний шаг",1,0.01,0,2.67,0.2,6.31237335209922e-05
39,"fine","Мелкий шаг",0.5,0.005,0,2.675,0.2,8.67328763111984e-06
39,"very_fine","Очень мелкий шаг",0.25,0.0025,-0.5,2.6775,0.00278640450004206,1.98064686186389e-07
40,"coarse","Крупный шаг",5,1,-27,3,705.050465843002,0.10371939430479
40,"medium","Средний шаг",1,0.01,0,2.67,0.2,6.31237335209922e-05
40,"fine","Мелкий шаг",0.5,0.005,0,2.675,0.2,8.67328763111984e-06
40,"very_fine","Очень мелкий шаг",0.25,0.0025,-0.5,2.6775,0.00278640450004206,1.98064686186389e-07
41,"coarse","Крупный шаг",5,1,-32,3,995.578329888003,0.10371939430479
41,"medium","Средний шаг",1,0.01,0,2.67,0.2,6.31237335209922e-05
41,"fine","Мелкий шаг",0.5,0.005,0,2.675,0.2,8.67328763111984e-06
41,"very_fine","Очень мелкий шаг",0.25,0.0025,-0.5,2.6775,0.00278640450004206,1.98064686186389e-07
42,"coarse","Крупный шаг",5,1,-32,3,995.578329888003,0.10371939430479
42,"medium","Средний шаг",1,0.01,0,2.67,0.2,6.31237335209922e-05
42,"fine","Мелкий шаг",0.5,0.005,0,2.675,0.2,8.67328763111984e-06
42,"very_fine","Очень мелкий шаг",0.25,0.0025,-0.5,2.6775,0.00278640450004206,1.98064686186389e-07
43,"coarse","Крупный шаг",5,1,-32,3,995.578329888003,0.10371939430479
43,"medium","Средний шаг",1,0.01,0,2.67,0.2,6.31237335209922e-05
43,"fine","Мелкий шаг",0.5,0.005,0,2.675,0.2,8.67328763111984e-06
43,"very_fine","Очень мелкий шаг",0.25,0.0025,-0.5,2.6775,0.00278640450004206,1.98064686186389e-07
44,"coarse","Крупный шаг",5,1,-32,3,995.578329888003,0.10371939430479
44,"medium","Средний шаг",1,0.01,0,2.67,0.2,6.31237335209922e-05
44,"fine","Мелкий шаг",0.5,0.005,0,2.675,0.2,8.67328763111984e-06
44,"very_fine","Очень мелкий шаг",0.25,0.0025,-0.5,2.6775,0.00278640450004206,1.98064686186389e-07
45,"coarse","Крупный шаг",5,1,-32,3,995.578329888003,0.10371939430479
45,"medium","Средний шаг",1,0.01,0,2.67,0.2,6.31237335209922e-05
45,"fine","Мелкий шаг",0.5,0.005,0,2.675,0.2,8.67328763111984e-06
45,"very_fine","Очень мелкий шаг",0.25,0.0025,-0.5,2.6775,0.00278640450004206,1.98064686186389e-07
46,"coarse","Крупный шаг",5,1,-32,3,995.578329888003,0.10371939430479
46,"medium","Средний шаг",1,0.01,0,2.67,0.2,6.31237335209922e-05
46,"fine","Мелкий шаг",0.5,0.005,0,2.675,0.2,8.67328763111984e-06
46,"very_fine","Очень мелкий шаг",0.25,0.0025,-0.5,2.6775,0.00278640450004206,1.98064686186389e-07
47,"coarse","Крупный шаг",5,1,-7,3,42.9390096630006,0.10371939430479
47,"medium","Средний шаг",1,0.01,0,2.67,0.2,6.31237335209922e-05
47,"fine","Мелкий шаг",0.5,0.005,0,2.675,0.2,8.67328763111984e-06
47,"very_fine","Очень мелкий шаг",0.25,0.0025,-0.5,2.6775,0.00278640450004206,1.98064686186389e-07
48,"coarse","Крупный шаг",5,1,-32,3,995.578329888003,0.10371939430479
48,"medium","Средний шаг",1,0.01,0,2.67,0.2,6.31237335209922e-05
48,"fine","Мелкий шаг",0.5,0.005,0,2.675,0.2,8.67328763111984e-06
48,"very_fine","Очень мелкий шаг",0.25,0.0025,-0.5,2.6775,0.00278640450004206,1.98064686186389e-07
49,"coarse","Крупный шаг",5,1,-32,3,995.578329888003,0.10371939430479
49,"medium","Средний шаг",1,0.01,0,2.67,0.2,6.31237335209922e-05
49,"fine","Мелкий шаг",0.5,0.005,0,2.675,0.2,8.67328763111984e-06
49,"very_fine","Очень мелкий шаг",0.25,0.0025,-0.5,2.6775,0.00278640450004206,1.98064686186389e-07
50,"coarse","Крупный шаг",5,1,-32,3,995.578329888003,0.10371939430479
50,"medium","Средний шаг",1,0.01,0,2.67,0.2,6.31237335209922e-05
50,"fine","Мелкий шаг",0.5,0.005,0,2.675,0.2,8.67328763111984e-06
50,"very_fine","Очень мелкий шаг",0.25,0.0025,-0.5,2.6775,0.00278640450004206,1.98064686186389e-07
51,"coarse","Крупный шаг",5,1,-32,3,995.578329888003,0.10371939430479
51,"medium","Средний шаг",1,0.01,0,2.67,0.2,6.31237335209922e-05
51,"fine","Мелкий шаг",0.5,0.005,0,2.675,0.2,8.67328763111984e-06
51,"very_fine","Очень мелкий шаг",0.25,0.0025,-0.5,2.6775,0.00278640450004206,1.98064686186389e-07
52,"coarse","Крупный шаг",5,1,-32,3,995.578329888003,0.10371939430479
52,"medium","Средний шаг",1,0.01,0,2.67,0.2,6.31237335209922e-05
52,"fine","Мелкий шаг",0.5,0.005,0,2.675,0.2,8.67328763111984e-06
52,"very_fine","Очень мелкий шаг",0.25,0.0025,-0.5,2.6775,0.00278640450004206,1.98064686186389e-07
53,"coarse","Крупный шаг",5,1,-32,3,995.578329888003,0.10371939430479
53,"medium","Средний шаг",1,0.01,0,2.67,0.2,6.31237335209922e-05
53,"fine","Мелкий шаг",0.5,0.005,0,2.675,0.2,8.67328763111984e-06
53,"very_fine","Очень мелкий шаг",0.25,0.0025,-0.5,2.6775,0.00278640450004206,1.98064686186389e-07
54,"coarse","Крупный шаг",5,1,-32,3,995.578329888003,0.10371939430479
54,"medium","Средний шаг",1,0.01,0,2.67,0.2,6.31237335209922e-05
54,"fine","Мелкий шаг",0.5,0.005,0,2.675,0.2,8.67328763111984e-06
54,"very_fine","Очень мелкий шаг",0.25,0.0025,-0.5,2.6775,0.00278640450004206,1.98064686186389e-07
55,"coarse","Крупный шаг",5,1,-32,3,995.578329888003,0.10371939430479
55,"medium","Средний шаг",1,0.01,0,2.67,0.2,6.31237335209922e-05
55,"fine","Мелкий шаг",0.5,0.005,0,2.675,0.2,8.67328763111984e-06
55,"very_fine","Очень мелкий шаг",0.25,0.0025,-0.5,2.6775,0.00278640450004206,1.98064686186389e-07
56,"coarse","Крупный шаг",5,1,-32,3,995.578329888003,0.10371939430479
56,"medium","Средний шаг",1,0.01,0,2.67,0.2,6.31237335209922e-05
56,"fine","Мелкий шаг",0.5,0.005,0,2.675,0.2,8.67328763111984e-06
56,"very_fine","Очень мелкий шаг",0.25,0.0025,-0.5,2.6775,0.00278640450004206,1.98064686186389e-07
57,"coarse","Крупный шаг",5,1,-32,3,995.578329888003,0.10371939430479
57,"medium","Средний шаг",1,0.01,0,2.67,0.2,6.31237335209922e-05
57,"fine","Мелкий шаг",0.5,0.005,0,2.675,0.2,8.67328763111984e-06
57,"very_fine","Очень мелкий шаг",0.25,0.0025,-0.5,2.6775,0.00278640450004206,1.98064686186389e-07
58,"coarse","Крупный шаг",5,1,-32,3,995.578329888003,0.10371939430479
58,"medium","Средний шаг",1,0.01,0,2.67,0.2,6.31237335209922e-05
58,"fine","Мелкий шаг",0.5,0.005,0,2.675,0.2,8.67328763111984e-06
58,"very_fine","Очень мелкий шаг",0.25,0.0025,-0.5,2.6775,0.00278640450004206,1.98064686186389e-07
59,"coarse","Крупный шаг",5,1,-12,3,133.466873708001,0.10371939430479
59,"medium","Средний шаг",1,0.01,0,2.67,0.2,6.31237335209922e-05
59,"fine","Мелкий шаг",0.5,0.005,0,2.675,0.2,8.67328763111984e-06
59,"very_fine","Очень мелкий шаг",0.25,0.0025,-0.5,2.6775,0.00278640450004206,1.98064686186389e-07
60,"coarse","Крупный шаг",5,1,-32,3,995.578329888003,0.10371939430479
60,"medium","Средний шаг",1,0.01,0,2.67,0.2,6.31237335209922e-05
60,"fine","Мелкий шаг",0.5,0.005,0,2.675,0.2,8.67328763111984e-06
60,"very_fine","Очень мелкий шаг",0.25,0.0025,-0.5,2.6775,0.00278640450004206,1.98064686186389e-07
61,"coarse","Крупный шаг",5,1,-32,3,995.578329888003,0.10371939430479
61,"medium","Средний шаг",1,0.01,0,2.67,0.2,6.31237335209922e-05
61,"fine","Мелкий шаг",0.5,0.005,0,2.675,0.2,8.67328763111984e-06
61,"very_fine","Очень мелкий шаг",0.25,0.0025,-0.5,2.6775,0.00278640450004206,1.98064686186389e-07
62,"coarse","Крупный шаг",5,1,-32,3,995.578329888003,0.10371939430479
62,"medium","Средний шаг",1,0.01,0,2.67,0.2,6.31237335209922e-05
62,"fine","Мелкий шаг",0.5,0.005,0,2.675,0.2,8.67328763111984e-06
62,"very_fine","Очень мелкий шаг",0.25,0.0025,-0.5,2.6775,0.00278640450004206,1.98064686186389e-07
63,"coarse","Крупный шаг",5,1,-32,3,995.578329888003,0.10371939430479
63,"medium","Средний шаг",1,0.01,0,2.67,0.2,6.31237335209922e-05
63,"fine","Мелкий шаг",0.5,0.005,0,2.675,0.2,8.67328763111984e-06
63,"very_fine","Очень мелкий шаг",0.25,0.0025,-0.5,2.6775,0.00278640450004206,1.98064686186389e-07
64,"coarse","Крупный шаг",5,1,-32,3,995.578329888003,0.10371939430479
64,"medium","Средний шаг",1,0.01,0,2.67,0.2,6.31237335209922e-05
64,"fine","Мелкий шаг",0.5,0.005,0,2.675,0.2,8.67328763111984e-06
64,"very_fine","Очень мелкий шаг",0.25,0.0025,-0.5,2.6775,0.00278640450004206,1.98064686186389e-07
65,"coarse","Крупный шаг",5,1,-32,3,995.578329888003,0.10371939430479
65,"medium","Средний шаг",1,0.01,0,2.67,0.2,6.31237335209922e-05
65,"fine","Мелкий шаг",0.5,0.005,0,2.675,0.2,8.67328763111984e-06
65,"very_fine","Очень мелкий шаг",0.25,0.0025,-0.5,2.6775,0.00278640450004206,1.98064686186389e-07
66,"coarse","Крупный шаг",5,1,-32,3,995.578329888003,0.10371939430479
66,"medium","Средний шаг",1,0.01,0,2.67,0.2,6.31237335209922e-05
66,"fine","Мелкий шаг",0.5,0.005,0,2.675,0.2,8.67328763111984e-06
66,"very_fine","Очень мелкий шаг",0.25,0.0025,-0.5,2.6775,0.00278640450004206,1.98064686186389e-07
67,"coarse","Крупный шаг",5,1,-32,3,995.578329888003,0.10371939430479
67,"medium","Средний шаг",1,0.01,0,2.67,0.2,6.31237335209922e-05
67,"fine","Мелкий шаг",0.5,0.005,0,2.675,0.2,8.67328763111984e-06
67,"very_fine","Очень мелкий шаг",0.25,0.0025,-0.5,2.6775,0.00278640450004206,1.98064686186389e-07
68,"coarse","Крупный шаг",5,1,-32,3,995.578329888003,0.10371939430479
68,"medium","Средний шаг",1,0.01,0,2.67,0.2,6.31237335209922e-05
68,"fine","Мелкий шаг",0.5,0.005,0,2.675,0.2,8.67328763111984e-06
68,"very_fine","Очень мелкий шаг",0.25,0.0025,-0.5,2.6775,0.00278640450004206,1.98064686186389e-07
69,"coarse","Крупный шаг",5,1,-32,3,995.578329888003,0.10371939430479
69,"medium","Средний шаг",1,0.01,0,2.67,0.2,6.31237335209922e-05
69,"fine","Мелкий шаг",0.5,0.005,0,2.675,0.2,8.67328763111984e-06
69,"very_fine","Очень мелкий шаг",0.25,0.0025,-0.5,2.6775,0.00278640450004206,1.98064686186389e-07
70,"coarse","Крупный шаг",5,1,-32,3,995.578329888003,0.10371939430479
70,"medium","Средний шаг",1,0.01,0,2.67,0.2,6.31237335209922e-05
70,"fine","Мелкий шаг",0.5,0.005,0,2.675,0.2,8.67328763111984e-06
70,"very_fine","Очень мелкий шаг",0.25,0.0025,-0.5,2.6775,0.00278640450004206,1.98064686186389e-07
71,"coarse","Крупный шаг",5,1,-32,3,995.578329888003,0.10371939430479
71,"medium","Средний шаг",1,0.01,0,2.67,0.2,6.31237335209922e-05
71,"fine","Мелкий шаг",0.5,0.005,0,2.675,0.2,8.67328763111984e-06
71,"very_fine","Очень мелкий шаг",0.25,0.0025,-0.5,2.6775,0.00278640450004206,1.98064686186389e-07
72,"coarse","Крупный шаг",5,1,-32,3,995.578329888003,0.10371939430479
72,"medium","Средний шаг",1,0.01,0,2.67,0.2,6.31237335209922e-05
72,"fine","Мелкий шаг",0.5,0.005,0,2.675,0.2,8.67328763111984e-06
72,"very_fine","Очень мелкий шаг",0.25,0.0025,-0.5,2.6775,0.00278640450004206,1.98064686186389e-07
73,"coarse","Крупный шаг",5,1,-27,3,705.050465843002,0.10371939430479
73,"medium","Средний шаг",1,0.01,0,2.67,0.2,6.31237335209922e-05
73,"fine","Мелкий шаг",0.5,0.005,0,2.675,0.2,8.67328763111984e-06
73,"very_fine","Очень мелкий шаг",0.25,0.0025,-0.5,2.6775,0.00278640450004206,1.98064686186389e-07
74,"coarse","Крупный шаг",5,1,-32,3,995.578329888003,0.10371939430479
74,"medium","Средний шаг",1,0.01,0,2.67,0.2,6.31237335209922e-05
74,"fine","Мелкий шаг",0.5,0.005,0,2.675,0.2,8.67328763111984e-06
74,"very_fine","Очень мелкий шаг",0.25,0.0025,-0.5,2.6775,0.00278640450004206,1.98064686186389e-07
75,"coarse","Крупный шаг",5,1,-32,3,995.578329888003,0.10371939430479
75,"medium","Средний шаг",1,0.01,0,2.67,0.2,6.31237335209922e-05
75,"fine","Мелкий шаг",0.5,0.005,0,2.675,0.2,8.67328763111984e-06
75,"very_fine","Очень мелкий шаг",0.25,0.0025,-0.5,2.6775,0.00278640450004206,1.98064686186389e-07
76,"coarse","Крупный шаг",5,1,-22,3,464.522601798002,0.10371939430479
76,"medium","Средний шаг",1,0.01,0,2.67,0.2,6.31237335209922e-05
76,"fine","Мелкий шаг",0.5,0.005,0,2.675,0.2,8.67328763111984e-06
76,"very_fine","Очень мелкий шаг",0.25,0.0025,-0.5,2.6775,0.00278640450004206,1.98064686186389e-07
77,"coarse","Крупный шаг",5,1,-32,3,995.578329888003,0.10371939430479
77,"medium","Средний шаг",1,0.01,0,2.67,0.2,6.31237335209922e-05
77,"fine","Мелкий шаг",0.5,0.005,0,2.675,0.2,8.67328763111984e-06
77,"very_fine","Очень мелкий шаг",0.25,0.0025,-0.5,2.6775,0.00278640450004206,1.98064686186389e-07
78,"coarse","Крупный шаг",5,1,-32,3,995.578329888003,0.10371939430479
78,"medium","Средний шаг",1,0.01,0,2.67,0.2,6.31237335209922e-05
78,"fine","Мелкий шаг",0.5,0.005,0,2.675,0.2,8.67328763111984e-06
78,"very_fine","Очень мелкий шаг",0.25,0.0025,-0.5,2.6775,0.00278640450004206,1.98064686186389e-07
79,"coarse","Крупный шаг",5,1,-27,3,705.050465843002,0.10371939430479
79,"medium","Средний шаг",1,0.01,0,2.67,0.2,6.31237335209922e-05
79,"fine","Мелкий шаг",0.5,0.005,0,2.675,0.2,8.67328763111984e-06
79,"very_fine","Очень мелкий шаг",0.25,0.0025,-0.5,2.6775,0.00278640450004206,1.98064686186389e-07
80,"coarse","Крупный шаг",5,1,-32,3,995.578329888003,0.10371939430479
80,"medium","Средний шаг",1,0.01,0,2.67,0.2,6.31237335209922e-05
80,"fine","Мелкий шаг",0.5,0.005,0,2.675,0.2,8.67328763111984e-06
80,"very_fine","Очень мелкий шаг",0.25,0.0025,-0.5,2.6775,0.00278640450004206,1.98064686186389e-07
81,"coarse","Крупный шаг",5,1,-32,3,995.578329888003,0.10371939430479
81,"medium","Средний шаг",1,0.01,0,2.67,0.2,6.31237335209922e-05
81,"fine","Мелкий шаг",0.5,0.005,0,2.675,0.2,8.67328763111984e-06
81,"very_fine","Очень мелкий шаг",0.25,0.0025,-0.5,2.6775,0.00278640450004206,1.98064686186389e-07
82,"coarse","Крупный шаг",5,1,-32,3,995.578329888003,0.10371939430479
82,"medium","Средний шаг",1,0.01,0,2.67,0.2,6.31237335209922e-05
82,"fine","Мелкий шаг",0.5,0.005,0,2.675,0.2,8.67328763111984e-06
82,"very_fine","Очень мелкий шаг",0.25,0.0025,-0.5,2.6775,0.00278640450004206,1.98064686186389e-07
83,"coarse","Крупный шаг",5,1,-32,3,995.578329888003,0.10371939430479
83,"medium","Средний шаг",1,0.01,0,2.67,0.2,6.31237335209922e-05
83,"fine","Мелкий шаг",0.5,0.005,0,2.675,0.2,8.67328763111984e-06
83,"very_fine","Очень мелкий шаг",0.25,0.0025,-0.5,2.6775,0.00278640450004206,1.98064686186389e-07
84,"coarse","Крупный шаг",5,1,-32,3,995.578329888003,0.10371939430479
84,"medium","Средний шаг",1,0.01,0,2.67,0.2,6.31237335209922e-05
84,"fine","Мелкий шаг",0.5,0.005,0,2.675,0.2,8.67328763111984e-06
84,"very_fine","Очень мелкий шаг",0.25,0.0025,-0.5,2.6775,0.00278640450004206,1.98064686186389e-07
85,"coarse","Крупный шаг",5,1,-32,3,995.578329888003,0.10371939430479
85,"medium","Средний шаг",1,0.01,0,2.67,0.2,6.31237335209922e-05
85,"fine","Мелкий шаг",0.5,0.005,0,2.675,0.2,8.67328763111984e-06
85,"very_fine","Очень мелкий шаг",0.25,0.0025,-0.5,2.6775,0.00278640450004206,1.98064686186389e-07
86,"coarse","Крупный шаг",5,1,-32,3,995.578329888003,0.10371939430479
86,"medium","Средний шаг",1,0.01,0,2.67,0.2,6.31237335209922e-05
86,"fine","Мелкий шаг",0.5,0.005,0,2.675,0.2,8.67328763111984e-06
86,"very_fine","Очень мелкий шаг",0.25,0.0025,-0.5,2.6775,0.00278640450004206,1.98064686186389e-07
87,"coarse","Крупный шаг",5,1,-32,3,995.578329888003,0.10371939430479
87,"medium","Средний шаг",1,0.01,0,2.67,0.2,6.31237335209922e-05
87,"fine","Мелкий шаг",0.5,0.005,0,2.675,0.2,8.67328763111984e-06
87,"very_fine","Очень мелкий шаг",0.25,0.0025,-0.5,2.6775,0.00278640450004206,1.98064686186389e-07
88,"coarse","Крупный шаг",5,1,-27,3,705.050465843002,0.10371939430479
88,"medium","Средний шаг",1,0.01,0,2.67,0.2,6.31237335209922e-05
88,"fine","Мелкий шаг",0.5,0.005,0,2.675,0.2,8.67328763111984e-06
88,"very_fine","Очень мелкий шаг",0.25,0.0025,-0.5,2.6775,0.00278640450004206,1.98064686186389e-07
89,"coarse","Крупный шаг",5,1,-32,3,995.578329888003,0.10371939430479
89,"medium","Средний шаг",1,0.01,0,2.67,0.2,6.31237335209922e-05
89,"fine","Мелкий шаг",0.5,0.005,0,2.675,0.2,8.67328763111984e-06
89,"very_fine","Очень мелкий шаг",0.25,0.0025,-0.5,2.6775,0.00278640450004206,1.98064686186389e-07
90,"coarse","Крупный шаг",5,1,-32,3,995.578329888003,0.10371939430479
90,"medium","Средний шаг",1,0.01,0,2.67,0.2,6.31237335209922e-05
90,"fine","Мелкий шаг",0.5,0.005,0,2.675,0.2,8.67328763111984e-06
90,"very_fine","Очень мелкий шаг",0.25,0.0025,-0.5,2.6775,0.00278640450004206,1.98064686186389e-07
91,"coarse","Крупный шаг",5,1,-32,3,995.578329888003,0.10371939430479
91,"medium","Средний шаг",1,0.01,0,2.67,0.2,6.31237335209922e-05
91,"fine","Мелкий шаг",0.5,0.005,0,2.675,0.2,8.67328763111984e-06
91,"very_fine","Очень мелкий шаг",0.25,0.0025,-0.5,2.6775,0.00278640450004206,1.98064686186389e-07
92,"coarse","Крупный шаг",5,1,-12,3,133.466873708001,0.10371939430479
92,"medium","Средний шаг",1,0.01,0,2.67,0.2,6.31237335209922e-05
92,"fine","Мелкий шаг",0.5,0.005,0,2.675,0.2,8.67328763111984e-06
92,"very_fine","Очень мелкий шаг",0.25,0.0025,-0.5,2.6775,0.00278640450004206,1.98064686186389e-07
93,"coarse","Крупный шаг",5,1,-32,3,995.578329888003,0.10371939430479
93,"medium","Средний шаг",1,0.01,0,2.67,0.2,6.31237335209922e-05
93,"fine","Мелкий шаг",0.5,0.005,0,2.675,0.2,8.67328763111984e-06
93,"very_fine","Очень мелкий шаг",0.25,0.0025,-0.5,2.6775,0.00278640450004206,1.98064686186389e-07
94,"coarse","Крупный шаг",5,1,-32,3,995.578329888003,0.10371939430479
94,"medium","Средний шаг",1,0.01,0,2.67,0.2,6.31237335209922e-05
94,"fine","Мелкий шаг",0.5,0.005,0,2.675,0.2,8.67328763111984e-06
94,"very_fine","Очень мелкий шаг",0.25,0.0025,-0.5,2.6775,0.00278640450004206,1.98064686186389e-07
95,"coarse","Крупный шаг",5,1,-32,3,995.578329888003,0.10371939430479
95,"medium","Средний шаг",1,0.01,0,2.67,0.2,6.31237335209922e-05
95,"fine","Мелкий шаг",0.5,0.005,0,2.675,0.2,8.67328763111984e-06
95,"very_fine","Очень мелкий шаг",0.25,0.0025,-0.5,2.6775,0.00278640450004206,1.98064686186389e-07
96,"coarse","Крупный шаг",5,1,-32,3,995.578329888003,0.10371939430479
96,"medium","Средний шаг",1,0.01,0,2.67,0.2,6.31237335209922e-05
96,"fine","Мелкий шаг",0.5,0.005,0,2.675,0.2,8.67328763111984e-06
96,"very_fine","Очень мелкий шаг",0.25,0.0025,-0.5,2.6775,0.00278640450004206,1.98064686186389e-07
97,"coarse","Крупный шаг",5,1,-32,3,995.578329888003,0.10371939430479
97,"medium","Средний шаг",1,0.01,0,2.67,0.2,6.31237335209922e-05
97,"fine","Мелкий шаг",0.5,0.005,0,2.675,0.2,8.67328763111984e-06
97,"very_fine","Очень мелкий шаг",0.25,0.0025,-0.5,2.6775,0.00278640450004206,1.98064686186389e-07
98,"coarse","Крупный шаг",5,1,-32,3,995.578329888003,0.10371939430479
98,"medium","Средний шаг",1,0.01,0,2.67,0.2,6.31237335209922e-05
98,"fine","Мелкий шаг",0.5,0.005,0,2.675,0.2,8.67328763111984e-06
98,"very_fine","Очень мелкий шаг",0.25,0.0025,-0.5,2.6775,0.00278640450004206,1.98064686186389e-07
99,"coarse","Крупный шаг",5,1,-32,3,995.578329888003,0.10371939430479
99,"medium","Средний шаг",1,0.01,0,2.67,0.2,6.31237335209922e-05
99,"fine","Мелкий шаг",0.5,0.005,0,2.675,0.2,8.67328763111984e-06
99,"very_fine","Очень мелкий шаг",0.25,0.0025,-0.5,2.6775,0.00278640450004206,1.98064686186389e-07
100,"coarse","Крупный шаг",5,1,-32,3,995.578329888003,0.10371939430479
100,"medium","Средний шаг",1,0.01,0,2.67,0.2,6.31237335209922e-05
100,"fine","Мелкий шаг",0.5,0.005,0,2.675,0.2,8.67328763111984e-06
100,"very_fine","Очень мелкий шаг",0.25,0.0025,-0.5,2.6775,0.00278640450004206,1.98064686186389e-07
